id,en,zh_CN
BUILDING_CORE_NAME,"Abandoned Cabin","废弃船舱"
MAP_VALLEY_NAME,"The Valley","山谷"
BUILDING_TOWER_NAME,"Crossbow Tower","弩塔"
BUILDING_WALL_NAME,"Wooden Stakes","木栅栏"
BUILDING_BONE_STAKE_NAME,"Bone Stakes","骨尖桩"
BUILDING_STONE_WALL_NAME,"Stone Wall","石墙"
BUILDING_TOWER_2_NAME,"Crossbow Tower II","弩塔 II"
DINO_RAPTOR_NAME,"Raptor","迅猛龙"
DINO_BIG_THEROPOD_NAME,"Big Theropod","大型兽脚类"
DINO_RAPTOR_ALPHA_NAME,"Alpha Raptor","头领迅猛龙"
DINO_PTEROSAUR_NAME,"Pterosaur","翼龙"
DINO_GUARD_NAME,"Guard Dino","守卫恐龙"
RESOURCE_WOOD,"Wood","木材"
RESOURCE_STONE,"Stone","石头"
RESOURCE_WATER,"Water","水"
RESOURCE_FOOD,"Meat","肉"
RESOURCE_BONE,"Bone","骨头"
RESOURCE_PRIME_MEAT,"Prime Meat","珍贵肉"
HERO_NAME,"Modern Builder","现代建造者"
NEST_NAME,"Dino Nest","恐龙巢穴"
HUD_CABIN_HP,"Cabin HP: %d / %d","船舱 HP: %d / %d"
HUD_CORE_HP,"Core HP: %d / %d","营火 HP: %d / %d"
HUD_HERO_HP,"Hero HP: %d / %d","现代人 HP: %d / %d"
HUD_WOOD,"Wood: %d","木材: %d"
HUD_STONE,"Stone: %d","石头: %d"
HUD_WATER,"Water: %d","水: %d"
HUD_FOOD,"Meat: %d","肉: %d"
HUD_BONE,"Bone: %d","骨: %d"
HUD_PRIME_MEAT,"Prime meat: %d","珍贵肉: %d"
STATION_WORKBENCH_NAME,"Workbench","工作台"
STATION_KITCHEN_NAME,"Kitchen","厨房"
STATION_BEACON_NAME,"Beacon","信标"
BEACON_STAGE_NAME,"Repair the beacon (%d/%d)","修信标（%d/%d）"
BEACON_LAUNCH_NAME,"Launch the beacon","启动信标"
BEACON_LAUNCH_DETAIL,"Launch: it charges for %d:%02d, and every dinosaur in the valley comes for the cabin, from every side — %s last of all. Full charge, and the capsule jumps.","启动：充能 %d:%02d，整个山谷的恐龙都会从四面八方扑向船舱，最后来的是%s。充满就跳。"
BEACON_STATUS_REPAIRING,"Beacon: %d/%d stages repaired","信标：已修 %d/%d 段"
BEACON_STATUS_READY,"Beacon repaired: ready to launch","信标修好了：可以启动"
BEACON_STATUS_CHARGING,"Beacon charging %d%% · %d:%02d","信标充能 %d%% · %d:%02d"
HUD_BEACON_LAUNCHED,"The beacon is charging — they are coming from every side!","信标开始充能——恐龙从四面八方来了！"
RECIPE_STONE_PICK_NAME,"Stone Pick","石镐"
RECIPE_STONE_AXE_NAME,"Stone Axe","石斧"
RECIPE_STONE_POT_NAME,"Stone Pot","石锅"
DISH_MEAT_NAME,"meat","肉"
DISH_PRIME_MEAT_NAME,"prime meat","珍贵肉"
COOK_ROAST,"Roast %s","烤%s"
COOK_SEAR,"Seared %s","煎%s"
MEAL_DETAIL_FORMAT,"%s  —  %s  ·  %.1fs  —  %s","%s  —  %s  ·  %.1f 秒  —  %s"
EFFECT_HEAL,"heals %d","回血 %d"
EFFECT_BUILD_SPEED,"builds ×%s","建造 ×%s"
EFFECT_MOVE_SPEED,"walks ×%s","走路 ×%s"
EFFECT_FED_FOR,"for %ds","持续 %d 秒"
HUD_FED,"Fed: %s · %d:%02d","吃饱：%s · %d:%02d"
HARVEST_NOTE,"%s ×%s","%s ×%s"
PICKUP_WITH_NOTE,"+%d (%s)","+%d（%s）"
CABIN_TITLE,"The Cabin","船舱"
CMD_REPAIR,"Repair (%s)","维修（%s）"
CMD_UPGRADE,"Upgrade (%s)","升级（%s）"
UPGRADE_DETAIL_FORMAT,"%s  —  %s  ·  %.1fs  —  %s","%s  —  %s  ·  %.1f 秒  —  %s"
STAT_FIRE_RATE,"fires %s/s → %s/s","射速 %s/秒 → %s/秒"
STAT_RANGE,"range %sm → %sm","射程 %s 米 → %s 米"
STAT_DAMAGE,"damage %s → %s","伤害 %s → %s"
STAT_HP,"HP %s → %s","生命 %s → %s"
CMD_MOVE_HERE,"Move here","移动到这里"
CMD_ENTER_CABIN,"Go inside","进入船舱"
CMD_FINISH_BUILDING,"Finish building","继续建造"
CABIN_HINT_PICK_STATION,"Pick a station","选择一个工位"
CABIN_HINT_LEAVE,"Esc to step outside","Esc 走出船舱"
CRAFT_DETAIL_FORMAT,"%s  —  %s  ·  %.1fs","%s  —  %s  ·  %.1f 秒"
CRAFT_DETAIL_UNAFFORDABLE,"%s  —  need %s","%s  —  需要 %s"
CRAFT_DONE,"Made: %s","已做出: %s"
CRAFT_IN_PROGRESS,"Making %s: %d%%","正在制作 %s: %d%%"
HUD_WAVE,"Wave: %d","第 %d 波"
HUD_BIG_WAVE,"Wave: %d (Horde!)","第 %d 波 (大波来袭!)"
HUD_PAUSED,"PAUSED","游戏已暂停"
HUD_PAUSE_BTN,"Pause (Space)","暂停 (Space)"
HUD_RESUME_BTN,"Resume (Space)","继续 (Space)"
HUD_SPEED_BTN,"Speed: %sx","倍速: %sx"
HUD_DEPLOY_TIMER,"Deploy: %.1fs","部署: %.1fs"
HUD_RAID_WARNING,"⚠️ Warning: Dinosaurs raiding in %ds!","⚠️ 突袭预警：恐龙将于 %d 秒后来袭！"
HUD_RAID_BOSS,"With them: %s!","一起来的还有：%s！"
HUD_BOSS_ARRIVED,"%s is here!","%s 来了！"
GAME_VICTORY_TITLE,"JUMPED!","跳走了！"
GAME_VICTORY_DESC,"The beacon charged, and the capsule jumped clear of the valley.","信标充满了，船舱跳离了这片山谷。"
GAME_DEFEAT_TITLE,"DEFEAT!","防线沦陷！"
GAME_DEFEAT_DESC,"The cabin was destroyed or the hero was killed!","废弃船舱被毁或角色阵亡！"
BTN_RESTART,"Restart","重新开始"
HINT_NO_RESOURCES,"Not enough resources to build!","资源不足，无法建造！"
HINT_CELL_OCCUPIED,"This cell is already occupied!","该地块已被占用！"
HINT_NOT_PLAN_PHASE,"Cannot build outside deployment phase!","非部署阶段，无法建造！"
HINT_OUT_OF_BOUNDS,"Location is out of bounds!","超出地图边界！"
HINT_NEED_TOOL,"You need a tool for that — make one at the cabin.","需要工具才行——回船舱做一个。"
HINT_DRAG_RUN,"%d stakes — %s","%d 根木桩 —— %s"
OPTION_ACTIONS,"Actions","操作指令"
OPTION_STATUS,"Status","单位状态"
CMD_BUILD,"Build","建造"
CMD_STOP,"Stop","停止"
CMD_HARVEST,"Harvest","开采资源"
CMD_DEMOLISH,"Demolish","拆除建筑"
CMD_BACK,"Back","返回"
STATUS_CONSTRUCTING,"Constructing: %d%%","施工进度: %d%%"
STATUS_UPGRADING,"Upgrading: %d%%","升级中: %d%%"
STATUS_DEPLETED,"Depleted","已枯竭"
STATUS_HP,"HP: %d / %d","生命值: %d / %d"
STATUS_CONTACT_DAMAGE,"%.1f dmg/s on contact","接触伤害 %.1f/秒"
STATUS_RESERVES,"Reserves: %d / %d","储量: %d / %d"
BUILD_COST_FORMAT,"%s (%d Wood)","%s (%d木)"
HUD_END_DEPLOY_BTN,"Early End Deploy","提前结束部署"
HUD_PHASE,"Phase: %s","阶段: %s"
OPTION_UNIT_INFO,"Unit Info","单位信息"
OPTION_DEFAULT_STATUS,"Status","状态"
LANGUAGE_EN,"English","English"
LANGUAGE_ZH,"Simplified Chinese","简体中文"
STATUS_CHOPPING_TREE,"Chopping tree: %d / %d","采伐树木中: %d / %d"
HINT_NO_TREES_IN_RANGE,"Lumber Hut has no trees in range!","伐木屋范围内无可用树木！"
STATUS_HARVESTING_SOURCE,"Harvesting: %d / %d","采集中: %d / %d"
MENU_TITLE,"Paused","已暂停"
MENU_RESUME,"Resume","继续游戏"
MENU_SETTINGS,"Settings","游戏设置"
MENU_QUIT,"Quit","退出游戏"
MENU_BACK,"Back","返回"
MENU_LANGUAGE,"Language","语言"
MENU_WINDOW_MODE,"Window","窗口"
MENU_WINDOW_FULLSCREEN,"Fullscreen","全屏"
MENU_WINDOW_WINDOWED,"Windowed","窗口化"
MENU_SETTINGS_TITLE,"Settings","游戏设置"
MENU_CAMERA,"Camera","镜头"
MENU_CAMERA_KEYS,"WASD move · Q/E turn · F/V tilt · wheel zoom · R reset · middle-drag to move, +Shift to turn","WASD 平移 · Q/E 旋转 · F/V 俯仰 · 滚轮缩放 · R 复位 · 中键拖动平移，按住 Shift 拖动旋转"
BUILD_DETAIL_FORMAT,"%s  —  %s  ·  %.1fs","%s  —  %s  ·  %.1f 秒"
BUILD_DETAIL_FORMAT_DAMAGE,"%s  —  %s  ·  %.1fs  ·  %.1f dmg/s","%s  —  %s  ·  %.1f 秒  ·  伤害 %.1f/秒"
BUILD_DETAIL_UNAFFORDABLE,"%s  —  short of %s","%s  —  还差 %s"
BUILD_HINT_PICK,"Pick something to build","选择要建造的东西"
